{
	"BUILD_DIR" : "C:/Users/alena/Desktop/S2/rte/tests/gui_v0_160221/build-smartbirdcafe-Desktop_Qt_5_15_2_MinGW_64_bit-Debug/smartbirdcafe_autogen",
	"CMAKE_BINARY_DIR" : "C:/Users/alena/Desktop/S2/rte/tests/gui_v0_160221/build-smartbirdcafe-Desktop_Qt_5_15_2_MinGW_64_bit-Debug",
	"CMAKE_CURRENT_BINARY_DIR" : "C:/Users/alena/Desktop/S2/rte/tests/gui_v0_160221/build-smartbirdcafe-Desktop_Qt_5_15_2_MinGW_64_bit-Debug",
	"CMAKE_CURRENT_SOURCE_DIR" : "C:/Users/alena/Desktop/S2/rte/tests/gui_v0_160221/smartbirdcafe",
	"CMAKE_EXECUTABLE" : "C:/Qt/Tools/CMake_64/bin/cmake.exe",
	"CMAKE_LIST_FILES" : 
	[
		"C:/Users/alena/Desktop/S2/rte/tests/gui_v0_160221/smartbirdcafe/CMakeLists.txt",
		"C:/Qt/Tools/CMake_64/share/cmake-3.19/Modules/CMakeDetermineSystem.cmake",
		"C:/Qt/Tools/CMake_64/share/cmake-3.19/Modules/CMakeSystem.cmake.in",
		"C:/Users/alena/Desktop/S2/rte/tests/gui_v0_160221/build-smartbirdcafe-Desktop_Qt_5_15_2_MinGW_64_bit-Debug/CMakeFiles/3.19.2/CMakeSystem.cmake",
		"C:/Qt/Tools/CMake_64/share/cmake-3.19/Modules/CMakeNinjaFindMake.cmake",
		"C:/Qt/Tools/CMake_64/share/cmake-3.19/Modules/CMakeSystemSpecificInitialize.cmake",
		"C:/Qt/Tools/CMake_64/share/cmake-3.19/Modules/CMakeDetermineCXXCompiler.cmake",
		"C:/Qt/Tools/CMake_64/share/cmake-3.19/Modules/CMakeDetermineCompiler.cmake",
		"C:/Qt/Tools/CMake_64/share/cmake-3.19/Modules/Platform/Windows-Determine-CXX.cmake",
		"C:/Qt/Tools/CMake_64/share/cmake-3.19/Modules/CMakeDetermineCompilerId.cmake",
		"C:/Qt/Tools/CMake_64/share/cmake-3.19/Modules/CMakeCompilerIdDetection.cmake",
		"C:/Qt/Tools/CMake_64/share/cmake-3.19/Modules/Compiler/ADSP-DetermineCompiler.cmake",
		"C:/Qt/Tools/CMake_64/share/cmake-3.19/Modules/Compiler/ARMCC-DetermineCompiler.cmake",
		"C:/Qt/Tools/CMake_64/share/cmake-3.19/Modules/Compiler/ARMClang-DetermineCompiler.cmake",
		"C:/Qt/Tools/CMake_64/share/cmake-3.19/Modules/Compiler/AppleClang-DetermineCompiler.cmake",
		"C:/Qt/Tools/CMake_64/share/cmake-3.19/Modules/Compiler/Clang-DetermineCompilerInternal.cmake",
		"C:/Qt/Tools/CMake_64/share/cmake-3.19/Modules/Compiler/Borland-DetermineCompiler.cmake",
		"C:/Qt/Tools/CMake_64/share/cmake-3.19/Modules/Compiler/Clang-DetermineCompiler.cmake",
		"C:/Qt/Tools/CMake_64/share/cmake-3.19/Modules/Compiler/Clang-DetermineCompilerInternal.cmake",
		"C:/Qt/Tools/CMake_64/share/cmake-3.19/Modules/Compiler/Comeau-CXX-DetermineCompiler.cmake",
		"C:/Qt/Tools/CMake_64/share/cmake-3.19/Modules/Compiler/Compaq-CXX-DetermineCompiler.cmake",
		"C:/Qt/Tools/CMake_64/share/cmake-3.19/Modules/Compiler/Cray-DetermineCompiler.cmake",
		"C:/Qt/Tools/CMake_64/share/cmake-3.19/Modules/Compiler/Embarcadero-DetermineCompiler.cmake",
		"C:/Qt/Tools/CMake_64/share/cmake-3.19/Modules/Compiler/Fujitsu-DetermineCompiler.cmake",
		"C:/Qt/Tools/CMake_64/share/cmake-3.19/Modules/Compiler/GHS-DetermineCompiler.cmake",
		"C:/Qt/Tools/CMake_64/share/cmake-3.19/Modules/Compiler/GNU-CXX-DetermineCompiler.cmake",
		"C:/Qt/Tools/CMake_64/share/cmake-3.19/Modules/Compiler/HP-CXX-DetermineCompiler.cmake",
		"C:/Qt/Tools/CMake_64/share/cmake-3.19/Modules/Compiler/IAR-DetermineCompiler.cmake",
		"C:/Qt/Tools/CMake_64/share/cmake-3.19/Modules/Compiler/Intel-DetermineCompiler.cmake",
		"C:/Qt/Tools/CMake_64/share/cmake-3.19/Modules/Compiler/MSVC-DetermineCompiler.cmake",
		"C:/Qt/Tools/CMake_64/share/cmake-3.19/Modules/Compiler/NVIDIA-DetermineCompiler.cmake",
		"C:/Qt/Tools/CMake_64/share/cmake-3.19/Modules/Compiler/OpenWatcom-DetermineCompiler.cmake",
		"C:/Qt/Tools/CMake_64/share/cmake-3.19/Modules/Compiler/PGI-DetermineCompiler.cmake",
		"C:/Qt/Tools/CMake_64/share/cmake-3.19/Modules/Compiler/PathScale-DetermineCompiler.cmake",
		"C:/Qt/Tools/CMake_64/share/cmake-3.19/Modules/Compiler/SCO-DetermineCompiler.cmake",
		"C:/Qt/Tools/CMake_64/share/cmake-3.19/Modules/Compiler/SunPro-CXX-DetermineCompiler.cmake",
		"C:/Qt/Tools/CMake_64/share/cmake-3.19/Modules/Compiler/TI-DetermineCompiler.cmake",
		"C:/Qt/Tools/CMake_64/share/cmake-3.19/Modules/Compiler/VisualAge-CXX-DetermineCompiler.cmake",
		"C:/Qt/Tools/CMake_64/share/cmake-3.19/Modules/Compiler/IBMCPP-CXX-DetermineVersionInternal.cmake",
		"C:/Qt/Tools/CMake_64/share/cmake-3.19/Modules/Compiler/Watcom-DetermineCompiler.cmake",
		"C:/Qt/Tools/CMake_64/share/cmake-3.19/Modules/Compiler/XL-CXX-DetermineCompiler.cmake",
		"C:/Qt/Tools/CMake_64/share/cmake-3.19/Modules/Compiler/IBMCPP-CXX-DetermineVersionInternal.cmake",
		"C:/Qt/Tools/CMake_64/share/cmake-3.19/Modules/Compiler/XLClang-CXX-DetermineCompiler.cmake",
		"C:/Qt/Tools/CMake_64/share/cmake-3.19/Modules/Compiler/zOS-CXX-DetermineCompiler.cmake",
		"C:/Qt/Tools/CMake_64/share/cmake-3.19/Modules/Compiler/IBMCPP-CXX-DetermineVersionInternal.cmake",
		"C:/Qt/Tools/CMake_64/share/cmake-3.19/Modules/CMakeFindBinUtils.cmake",
		"C:/Qt/Tools/CMake_64/share/cmake-3.19/Modules/Compiler/GNU-FindBinUtils.cmake",
		"C:/Qt/Tools/CMake_64/share/cmake-3.19/Modules/CMakeCXXCompiler.cmake.in",
		"C:/Users/alena/Desktop/S2/rte/tests/gui_v0_160221/build-smartbirdcafe-Desktop_Qt_5_15_2_MinGW_64_bit-Debug/CMakeFiles/3.19.2/CMakeCXXCompiler.cmake",
		"C:/Qt/Tools/CMake_64/share/cmake-3.19/Modules/CMakeSystemSpecificInformation.cmake",
		"C:/Qt/Tools/CMake_64/share/cmake-3.19/Modules/CMakeGenericSystem.cmake",
		"C:/Qt/Tools/CMake_64/share/cmake-3.19/Modules/CMakeInitializeConfigs.cmake",
		"C:/Qt/Tools/CMake_64/share/cmake-3.19/Modules/Platform/Windows.cmake",
		"C:/Qt/Tools/CMake_64/share/cmake-3.19/Modules/Platform/WindowsPaths.cmake",
		"C:/Qt/Tools/CMake_64/share/cmake-3.19/Modules/CMakeCXXInformation.cmake",
		"C:/Qt/Tools/CMake_64/share/cmake-3.19/Modules/CMakeLanguageInformation.cmake",
		"C:/Qt/Tools/CMake_64/share/cmake-3.19/Modules/Compiler/GNU-CXX.cmake",
		"C:/Qt/Tools/CMake_64/share/cmake-3.19/Modules/Compiler/GNU.cmake",
		"C:/Qt/Tools/CMake_64/share/cmake-3.19/Modules/Compiler/CMakeCommonCompilerMacros.cmake",
		"C:/Qt/Tools/CMake_64/share/cmake-3.19/Modules/Platform/Windows-GNU-CXX.cmake",
		"C:/Qt/Tools/CMake_64/share/cmake-3.19/Modules/Platform/Windows-GNU.cmake",
		"C:/Qt/Tools/CMake_64/share/cmake-3.19/Modules/CMakeDetermineRCCompiler.cmake",
		"C:/Qt/Tools/CMake_64/share/cmake-3.19/Modules/CMakeRCCompiler.cmake.in",
		"C:/Users/alena/Desktop/S2/rte/tests/gui_v0_160221/build-smartbirdcafe-Desktop_Qt_5_15_2_MinGW_64_bit-Debug/CMakeFiles/3.19.2/CMakeRCCompiler.cmake",
		"C:/Qt/Tools/CMake_64/share/cmake-3.19/Modules/CMakeRCInformation.cmake",
		"C:/Qt/Tools/CMake_64/share/cmake-3.19/Modules/Platform/Windows-windres.cmake",
		"C:/Qt/Tools/CMake_64/share/cmake-3.19/Modules/CMakeTestRCCompiler.cmake",
		"C:/Qt/Tools/CMake_64/share/cmake-3.19/Modules/CMakeCommonLanguageInclude.cmake",
		"C:/Qt/Tools/CMake_64/share/cmake-3.19/Modules/CMakeTestCXXCompiler.cmake",
		"C:/Qt/Tools/CMake_64/share/cmake-3.19/Modules/CMakeTestCompilerCommon.cmake",
		"C:/Qt/Tools/CMake_64/share/cmake-3.19/Modules/CMakeDetermineCompilerABI.cmake",
		"C:/Qt/Tools/CMake_64/share/cmake-3.19/Modules/CMakeParseImplicitIncludeInfo.cmake",
		"C:/Qt/Tools/CMake_64/share/cmake-3.19/Modules/CMakeParseImplicitLinkInfo.cmake",
		"C:/Qt/Tools/CMake_64/share/cmake-3.19/Modules/CMakeTestCompilerCommon.cmake",
		"C:/Qt/Tools/CMake_64/share/cmake-3.19/Modules/CMakeCXXCompilerABI.cpp",
		"C:/Qt/Tools/CMake_64/share/cmake-3.19/Modules/CMakeDetermineCompileFeatures.cmake",
		"C:/Qt/Tools/CMake_64/share/cmake-3.19/Modules/Internal/FeatureTesting.cmake",
		"C:/Qt/Tools/CMake_64/share/cmake-3.19/Modules/CMakeCXXCompiler.cmake.in",
		"C:/Users/alena/Desktop/S2/rte/tests/gui_v0_160221/build-smartbirdcafe-Desktop_Qt_5_15_2_MinGW_64_bit-Debug/CMakeFiles/3.19.2/CMakeCXXCompiler.cmake",
		"C:/Qt/Tools/CMake_64/share/cmake-3.19/Modules/Platform/Windows-GNU-CXX-ABI.cmake",
		"C:/Qt/5.15.2/mingw81_64/lib/cmake/Qt5/Qt5ConfigVersion.cmake",
		"C:/Qt/5.15.2/mingw81_64/lib/cmake/Qt5/Qt5Config.cmake",
		"C:/Qt/5.15.2/mingw81_64/lib/cmake/Qt5/Qt5ConfigVersion.cmake",
		"C:/Qt/5.15.2/mingw81_64/lib/cmake/Qt5/Qt5Config.cmake",
		"C:/Qt/5.15.2/mingw81_64/lib/cmake/Qt5/Qt5ModuleLocation.cmake",
		"C:/Qt/5.15.2/mingw81_64/lib/cmake/Qt5Widgets/Qt5WidgetsConfigVersion.cmake",
		"C:/Qt/5.15.2/mingw81_64/lib/cmake/Qt5Widgets/Qt5WidgetsConfig.cmake",
		"C:/Qt/5.15.2/mingw81_64/lib/cmake/Qt5Gui/Qt5GuiConfigVersion.cmake",
		"C:/Qt/5.15.2/mingw81_64/lib/cmake/Qt5Gui/Qt5GuiConfig.cmake",
		"C:/Qt/5.15.2/mingw81_64/lib/cmake/Qt5Core/Qt5CoreConfigVersion.cmake",
		"C:/Qt/5.15.2/mingw81_64/lib/cmake/Qt5Core/Qt5CoreConfig.cmake",
		"C:/Qt/5.15.2/mingw81_64/lib/cmake/Qt5Core/Qt5CoreConfigExtras.cmake",
		"C:/Qt/5.15.2/mingw81_64/lib/cmake/Qt5Core/Qt5CoreConfigExtrasMkspecDir.cmake",
		"C:/Qt/5.15.2/mingw81_64/lib/cmake/Qt5Core/Qt5CoreMacros.cmake",
		"C:/Qt/Tools/CMake_64/share/cmake-3.19/Modules/CMakeParseArguments.cmake",
		"C:/Qt/5.15.2/mingw81_64/lib/cmake/Qt5Gui/Qt5Gui_QGifPlugin.cmake",
		"C:/Qt/5.15.2/mingw81_64/lib/cmake/Qt5Gui/Qt5Gui_QICNSPlugin.cmake",
		"C:/Qt/5.15.2/mingw81_64/lib/cmake/Qt5Gui/Qt5Gui_QICOPlugin.cmake",
		"C:/Qt/5.15.2/mingw81_64/lib/cmake/Qt5Gui/Qt5Gui_QJpegPlugin.cmake",
		"C:/Qt/5.15.2/mingw81_64/lib/cmake/Qt5Gui/Qt5Gui_QMinimalIntegrationPlugin.cmake",
		"C:/Qt/5.15.2/mingw81_64/lib/cmake/Qt5Gui/Qt5Gui_QOffscreenIntegrationPlugin.cmake",
		"C:/Qt/5.15.2/mingw81_64/lib/cmake/Qt5Gui/Qt5Gui_QSvgIconPlugin.cmake",
		"C:/Qt/5.15.2/mingw81_64/lib/cmake/Qt5Gui/Qt5Gui_QSvgPlugin.cmake",
		"C:/Qt/5.15.2/mingw81_64/lib/cmake/Qt5Gui/Qt5Gui_QTgaPlugin.cmake",
		"C:/Qt/5.15.2/mingw81_64/lib/cmake/Qt5Gui/Qt5Gui_QTiffPlugin.cmake",
		"C:/Qt/5.15.2/mingw81_64/lib/cmake/Qt5Gui/Qt5Gui_QTuioTouchPlugin.cmake",
		"C:/Qt/5.15.2/mingw81_64/lib/cmake/Qt5Gui/Qt5Gui_QWbmpPlugin.cmake",
		"C:/Qt/5.15.2/mingw81_64/lib/cmake/Qt5Gui/Qt5Gui_QWebpPlugin.cmake",
		"C:/Qt/5.15.2/mingw81_64/lib/cmake/Qt5Gui/Qt5Gui_QWindowsDirect2DIntegrationPlugin.cmake",
		"C:/Qt/5.15.2/mingw81_64/lib/cmake/Qt5Gui/Qt5Gui_QWindowsIntegrationPlugin.cmake",
		"C:/Qt/5.15.2/mingw81_64/lib/cmake/Qt5Gui/Qt5Gui_QXdgDesktopPortalThemePlugin.cmake",
		"C:/Qt/5.15.2/mingw81_64/lib/cmake/Qt5Gui/Qt5GuiConfigExtras.cmake",
		"C:/Qt/5.15.2/mingw81_64/lib/cmake/Qt5Widgets/Qt5Widgets_QWindowsVistaStylePlugin.cmake",
		"C:/Qt/5.15.2/mingw81_64/lib/cmake/Qt5Widgets/Qt5WidgetsConfigExtras.cmake",
		"C:/Qt/5.15.2/mingw81_64/lib/cmake/Qt5Widgets/Qt5WidgetsMacros.cmake",
		"C:/Qt/Tools/CMake_64/share/cmake-3.19/Modules/CMakeParseArguments.cmake",
		"C:/Qt/5.15.2/mingw81_64/lib/cmake/Qt5LinguistTools/Qt5LinguistToolsConfigVersion.cmake",
		"C:/Qt/5.15.2/mingw81_64/lib/cmake/Qt5LinguistTools/Qt5LinguistToolsConfig.cmake",
		"C:/Qt/5.15.2/mingw81_64/lib/cmake/Qt5LinguistTools/Qt5LinguistToolsMacros.cmake",
		"C:/Qt/Tools/CMake_64/share/cmake-3.19/Modules/CMakeParseArguments.cmake"
	],
	"CMAKE_SOURCE_DIR" : "C:/Users/alena/Desktop/S2/rte/tests/gui_v0_160221/smartbirdcafe",
	"DEP_FILE" : "C:/Users/alena/Desktop/S2/rte/tests/gui_v0_160221/build-smartbirdcafe-Desktop_Qt_5_15_2_MinGW_64_bit-Debug/smartbirdcafe_autogen/deps",
	"DEP_FILE_RULE_NAME" : "smartbirdcafe_autogen/timestamp",
	"HEADERS" : 
	[
		[
			"C:/Users/alena/Desktop/S2/rte/tests/gui_v0_160221/smartbirdcafe/mainwindow.h",
			"MU",
			"EWIEGA46WW/moc_mainwindow.cpp"
		]
	],
	"HEADER_EXTENSIONS" : [ "h", "hh", "h++", "hm", "hpp", "hxx", "in", "txx" ],
	"INCLUDE_DIR" : "C:/Users/alena/Desktop/S2/rte/tests/gui_v0_160221/build-smartbirdcafe-Desktop_Qt_5_15_2_MinGW_64_bit-Debug/smartbirdcafe_autogen/include",
	"MOC_COMPILATION_FILE" : "C:/Users/alena/Desktop/S2/rte/tests/gui_v0_160221/build-smartbirdcafe-Desktop_Qt_5_15_2_MinGW_64_bit-Debug/smartbirdcafe_autogen/mocs_compilation.cpp",
	"MOC_DEFINITIONS" : [ "QT_CORE_LIB", "QT_GUI_LIB", "QT_WIDGETS_LIB" ],
	"MOC_DEPEND_FILTERS" : 
	[
		[
			"Q_PLUGIN_METADATA",
			"[\n][ \t]*Q_PLUGIN_METADATA[ \t]*\\([^\\)]*FILE[ \t]*\"([^\"]+)\""
		]
	],
	"MOC_INCLUDES" : 
	[
		"C:/Users/alena/Desktop/S2/rte/tests/gui_v0_160221/build-smartbirdcafe-Desktop_Qt_5_15_2_MinGW_64_bit-Debug",
		"C:/Users/alena/Desktop/S2/rte/tests/gui_v0_160221/smartbirdcafe",
		"C:/Qt/5.15.2/mingw81_64/include",
		"C:/Qt/5.15.2/mingw81_64/include/QtWidgets",
		"C:/Qt/5.15.2/mingw81_64/include/QtGui",
		"C:/Qt/5.15.2/mingw81_64/include/QtANGLE",
		"C:/Qt/5.15.2/mingw81_64/include/QtCore",
		"C:/Qt/5.15.2/mingw81_64/mkspecs/win32-g++",
		"C:/Qt/Tools/mingw810_64/lib/gcc/x86_64-w64-mingw32/8.1.0/include/c++",
		"C:/Qt/Tools/mingw810_64/lib/gcc/x86_64-w64-mingw32/8.1.0/include/c++/x86_64-w64-mingw32",
		"C:/Qt/Tools/mingw810_64/lib/gcc/x86_64-w64-mingw32/8.1.0/include/c++/backward",
		"C:/Qt/Tools/mingw810_64/lib/gcc/x86_64-w64-mingw32/8.1.0/include",
		"C:/Qt/Tools/mingw810_64/lib/gcc/x86_64-w64-mingw32/8.1.0/include-fixed",
		"C:/Qt/Tools/mingw810_64/x86_64-w64-mingw32/include"
	],
	"MOC_MACRO_NAMES" : [ "Q_OBJECT", "Q_GADGET", "Q_NAMESPACE", "Q_NAMESPACE_EXPORT" ],
	"MOC_OPTIONS" : [],
	"MOC_PATH_PREFIX" : false,
	"MOC_PREDEFS_CMD" : 
	[
		"C:/Qt/Tools/mingw810_64/bin/g++.exe",
		"-dM",
		"-E",
		"-c",
		"C:/Qt/Tools/CMake_64/share/cmake-3.19/Modules/CMakeCXXCompilerABI.cpp"
	],
	"MOC_PREDEFS_FILE" : "C:/Users/alena/Desktop/S2/rte/tests/gui_v0_160221/build-smartbirdcafe-Desktop_Qt_5_15_2_MinGW_64_bit-Debug/smartbirdcafe_autogen/moc_predefs.h",
	"MOC_RELAXED_MODE" : false,
	"MOC_SKIP" : [],
	"MULTI_CONFIG" : false,
	"PARALLEL" : 6,
	"PARSE_CACHE_FILE" : "C:/Users/alena/Desktop/S2/rte/tests/gui_v0_160221/build-smartbirdcafe-Desktop_Qt_5_15_2_MinGW_64_bit-Debug/CMakeFiles/smartbirdcafe_autogen.dir/ParseCache.txt",
	"QT_MOC_EXECUTABLE" : "C:/Qt/5.15.2/mingw81_64/bin/moc.exe",
	"QT_UIC_EXECUTABLE" : "C:/Qt/5.15.2/mingw81_64/bin/uic.exe",
	"QT_VERSION_MAJOR" : 5,
	"QT_VERSION_MINOR" : 15,
	"SETTINGS_FILE" : "C:/Users/alena/Desktop/S2/rte/tests/gui_v0_160221/build-smartbirdcafe-Desktop_Qt_5_15_2_MinGW_64_bit-Debug/CMakeFiles/smartbirdcafe_autogen.dir/AutogenUsed.txt",
	"SOURCES" : 
	[
		[
			"C:/Users/alena/Desktop/S2/rte/tests/gui_v0_160221/smartbirdcafe/main.cpp",
			"MU"
		],
		[
			"C:/Users/alena/Desktop/S2/rte/tests/gui_v0_160221/smartbirdcafe/mainwindow.cpp",
			"MU"
		]
	],
	"UIC_OPTIONS" : [],
	"UIC_SEARCH_PATHS" : [],
	"UIC_SKIP" : [],
	"UIC_UI_FILES" : [],
	"VERBOSITY" : 0
}
